,PATTERN,message,@timestamp,message_only_1,logLevel,thread,class_name_method_name
1,Get Subscription & Device Error 500,"""2022-02-24 20:55:15.239  INFO 1 --- [nio-8080-exec-2] .w.r.s.m.s.SubscriptionManagementService : Get Subscription & Device Error 500 : [{\""status\"":\""UNKNOWN_EXCEPTION\"",\""statusMessage\"":null}]\n""",2022-02-24T20:55:15.240000,"Get Subscription & Device Error 500 : [{\""status\"":\""UNKNOWN_EXCEPTION\"",\""statusMessage\"":null}]\n""",INFO,nio-8080-exec-2,.w.r.s.m.s.SubscriptionManagementService
2,Get Subscriber Error 500,"""2022-02-24 20:55:15.239  INFO 1 --- [nio-8080-exec-2] .w.r.s.m.s.SubscriptionManagementService : Get Subscriber Error 500 : [{\""status\"":\""UNKNOWN_EXCEPTION\"",\""statusMessage\"":null}]\n""",2022-02-24T20:55:15.240000,"Get Subscriber Error 500 : [{\""status\"":\""UNKNOWN_EXCEPTION\"",\""statusMessage\"":null}]\n""",INFO,nio-8080-exec-2,.w.r.s.m.s.SubscriptionManagementService
3,Get subscription usage exception message 404,"""2022-02-24 08:33:22.936  INFO 1 --- [nio-8080-exec-2] .w.r.s.m.s.SubscriptionManagementService : Get subscription usage exception message 404 : [{\""status\"":\""NOT_FOUND\"",\""statusMessage\"":\""Subscriber not found (AccessNumber=17252469004)\""}]\n""",2022-02-24T08:33:22.936000,"Get subscription usage exception message 404 : [{\""status\"":\""NOT_FOUND\"",\""statusMessage\"":\""Subscriber not found (AccessNumber=17252469004)\""}]\n""",INFO,nio-8080-exec-2,.w.r.s.m.s.SubscriptionManagementService
4,Get subscription usage exception message 404,"""2022-02-23 19:23:33.879  INFO 1 --- [nio-8080-exec-7] .w.r.s.m.s.SubscriptionManagementService : Get subscription usage exception message 404 : [{\""status\"":\""NOT_FOUND\"",\""statusMessage\"":\""Subscriber not found (AccessNumber=17252469546)\""}]\n""",2022-02-23T19:23:33.879000,"Get subscription usage exception message 404 : [{\""status\"":\""NOT_FOUND\"",\""statusMessage\"":\""Subscriber not found (AccessNumber=17252469546)\""}]\n""",INFO,nio-8080-exec-7,.w.r.s.m.s.SubscriptionManagementService
5,Get subscription usage exception message 404,"""2022-02-23 18:21:36.957  INFO 1 --- [nio-8080-exec-3] .w.r.s.m.s.SubscriptionManagementService : Get subscription usage exception message 404 : [{\""status\"":\""NOT_FOUND\"",\""statusMessage\"":\""Subscriber not found (AccessNumber=17252469546)\""}]\n""",2022-02-23T18:21:36.957000,"Get subscription usage exception message 404 : [{\""status\"":\""NOT_FOUND\"",\""statusMessage\"":\""Subscriber not found (AccessNumber=17252469546)\""}]\n""",INFO,nio-8080-exec-3,.w.r.s.m.s.SubscriptionManagementService
6,Get Subscription & Device Error 404,"""2022-02-23 16:52:55.393  INFO 1 --- [nio-8080-exec-4] .w.r.s.m.s.SubscriptionManagementService : Get Subscription & Device Error 404 : [{\""status\"":\""NOT_FOUND\"",\""statusMessage\"":\""Subscriber not found (AccessNumber=17252469956)\""}]\n""",2022-02-23T16:52:55.393000,"Get Subscription & Device Error 404 : [{\""status\"":\""NOT_FOUND\"",\""statusMessage\"":\""Subscriber not found (AccessNumber=17252469956)\""}]\n""",INFO,nio-8080-exec-4,.w.r.s.m.s.SubscriptionManagementService
7,Get Subscription & Device Error 404,"""2022-02-23 16:52:55.168  INFO 1 --- [nio-8080-exec-2] .w.r.s.m.s.SubscriptionManagementService : Get Subscription & Device Error 404 : [{\""status\"":\""NOT_FOUND\"",\""statusMessage\"":\""Subscriber not found (AccessNumber=17252469950)\""}]\n""",2022-02-23T16:52:55.168000,"Get Subscription & Device Error 404 : [{\""status\"":\""NOT_FOUND\"",\""statusMessage\"":\""Subscriber not found (AccessNumber=17252469950)\""}]\n""",INFO,nio-8080-exec-2,.w.r.s.m.s.SubscriptionManagementService
8,Get Subscription & Device Error 404,"""2022-02-23 16:52:54.942  INFO 1 --- [nio-8080-exec-1] .w.r.s.m.s.SubscriptionManagementService : Get Subscription & Device Error 404 : [{\""status\"":\""NOT_FOUND\"",\""statusMessage\"":\""Subscriber not found (AccessNumber=17252469949)\""}]\n""",2022-02-23T16:52:54.942000,"Get Subscription & Device Error 404 : [{\""status\"":\""NOT_FOUND\"",\""statusMessage\"":\""Subscriber not found (AccessNumber=17252469949)\""}]\n""",INFO,nio-8080-exec-1,.w.r.s.m.s.SubscriptionManagementService
9,Get Subscription & Device Error 404,"""2022-02-23 16:52:54.717  INFO 1 --- [io-8080-exec-10] .w.r.s.m.s.SubscriptionManagementService : Get Subscription & Device Error 404 : [{\""status\"":\""NOT_FOUND\"",\""statusMessage\"":\""Subscriber not found (AccessNumber=17252469946)\""}]\n""",2022-02-23T16:52:54.717000,"Get Subscription & Device Error 404 : [{\""status\"":\""NOT_FOUND\"",\""statusMessage\"":\""Subscriber not found (AccessNumber=17252469946)\""}]\n""",INFO,io-8080-exec-10,.w.r.s.m.s.SubscriptionManagementService
10,Get Subscription & Device Error 404,"""2022-02-23 16:52:54.481  INFO 1 --- [nio-8080-exec-8] .w.r.s.m.s.SubscriptionManagementService : Get Subscription & Device Error 404 : [{\""status\"":\""NOT_FOUND\"",\""statusMessage\"":\""Subscriber not found (AccessNumber=17252469945)\""}]\n""",2022-02-23T16:52:54.481000,"Get Subscription & Device Error 404 : [{\""status\"":\""NOT_FOUND\"",\""statusMessage\"":\""Subscriber not found (AccessNumber=17252469945)\""}]\n""",INFO,nio-8080-exec-8,.w.r.s.m.s.SubscriptionManagementService
11,Get Subscription & Device Error 404,"""2022-02-23 16:52:54.244  INFO 1 --- [nio-8080-exec-9] .w.r.s.m.s.SubscriptionManagementService : Get Subscription & Device Error 404 : [{\""status\"":\""NOT_FOUND\"",\""statusMessage\"":\""Subscriber not found (AccessNumber=17252469794)\""}]\n""",2022-02-23T16:52:54.244000,"Get Subscription & Device Error 404 : [{\""status\"":\""NOT_FOUND\"",\""statusMessage\"":\""Subscriber not found (AccessNumber=17252469794)\""}]\n""",INFO,nio-8080-exec-9,.w.r.s.m.s.SubscriptionManagementService
12,Get Subscription & Device Error 404,"""2022-02-23 16:52:54.026  INFO 1 --- [nio-8080-exec-6] .w.r.s.m.s.SubscriptionManagementService : Get Subscription & Device Error 404 : [{\""status\"":\""NOT_FOUND\"",\""statusMessage\"":\""Subscriber not found (AccessNumber=17252469771)\""}]\n""",2022-02-23T16:52:54.026000,"Get Subscription & Device Error 404 : [{\""status\"":\""NOT_FOUND\"",\""statusMessage\"":\""Subscriber not found (AccessNumber=17252469771)\""}]\n""",INFO,nio-8080-exec-6,.w.r.s.m.s.SubscriptionManagementService
13,Get Subscription & Device Error 404,"""2022-02-23 16:52:53.810  INFO 1 --- [nio-8080-exec-7] .w.r.s.m.s.SubscriptionManagementService : Get Subscription & Device Error 404 : [{\""status\"":\""NOT_FOUND\"",\""statusMessage\"":\""Subscriber not found (AccessNumber=17252469767)\""}]\n""",2022-02-23T16:52:53.810000,"Get Subscription & Device Error 404 : [{\""status\"":\""NOT_FOUND\"",\""statusMessage\"":\""Subscriber not found (AccessNumber=17252469767)\""}]\n""",INFO,nio-8080-exec-7,.w.r.s.m.s.SubscriptionManagementService
14,Get Subscription & Device Error 404,"""2022-02-23 16:52:53.574  INFO 1 --- [nio-8080-exec-5] .w.r.s.m.s.SubscriptionManagementService : Get Subscription & Device Error 404 : [{\""status\"":\""NOT_FOUND\"",\""statusMessage\"":\""Subscriber not found (AccessNumber=17252469754)\""}]\n""",2022-02-23T16:52:53.574000,"Get Subscription & Device Error 404 : [{\""status\"":\""NOT_FOUND\"",\""statusMessage\"":\""Subscriber not found (AccessNumber=17252469754)\""}]\n""",INFO,nio-8080-exec-5,.w.r.s.m.s.SubscriptionManagementService
15,Get Subscription & Device Error 404,"""2022-02-23 16:52:53.351  INFO 1 --- [nio-8080-exec-3] .w.r.s.m.s.SubscriptionManagementService : Get Subscription & Device Error 404 : [{\""status\"":\""NOT_FOUND\"",\""statusMessage\"":\""Subscriber not found (AccessNumber=17252469751)\""}]\n""",2022-02-23T16:52:53.351000,"Get Subscription & Device Error 404 : [{\""status\"":\""NOT_FOUND\"",\""statusMessage\"":\""Subscriber not found (AccessNumber=17252469751)\""}]\n""",INFO,nio-8080-exec-3,.w.r.s.m.s.SubscriptionManagementService
16,Get Subscription & Device Error 404,"""2022-02-23 16:52:53.126  INFO 1 --- [nio-8080-exec-4] .w.r.s.m.s.SubscriptionManagementService : Get Subscription & Device Error 404 : [{\""status\"":\""NOT_FOUND\"",\""statusMessage\"":\""Subscriber not found (AccessNumber=17252469650)\""}]\n""",2022-02-23T16:52:53.126000,"Get Subscription & Device Error 404 : [{\""status\"":\""NOT_FOUND\"",\""statusMessage\"":\""Subscriber not found (AccessNumber=17252469650)\""}]\n""",INFO,nio-8080-exec-4,.w.r.s.m.s.SubscriptionManagementService
17,Get Subscription & Device Error 404,"""2022-02-23 16:52:52.889  INFO 1 --- [nio-8080-exec-2] .w.r.s.m.s.SubscriptionManagementService : Get Subscription & Device Error 404 : [{\""status\"":\""NOT_FOUND\"",\""statusMessage\"":\""Subscriber not found (AccessNumber=17252469638)\""}]\n""",2022-02-23T16:52:52.889000,"Get Subscription & Device Error 404 : [{\""status\"":\""NOT_FOUND\"",\""statusMessage\"":\""Subscriber not found (AccessNumber=17252469638)\""}]\n""",INFO,nio-8080-exec-2,.w.r.s.m.s.SubscriptionManagementService
18,Get Subscription & Device Error 404,"""2022-02-23 16:52:52.661  INFO 1 --- [nio-8080-exec-1] .w.r.s.m.s.SubscriptionManagementService : Get Subscription & Device Error 404 : [{\""status\"":\""NOT_FOUND\"",\""statusMessage\"":\""Subscriber not found (AccessNumber=17252469636)\""}]\n""",2022-02-23T16:52:52.661000,"Get Subscription & Device Error 404 : [{\""status\"":\""NOT_FOUND\"",\""statusMessage\"":\""Subscriber not found (AccessNumber=17252469636)\""}]\n""",INFO,nio-8080-exec-1,.w.r.s.m.s.SubscriptionManagementService
19,Get Subscription & Device Error 404,"""2022-02-23 16:52:52.444  INFO 1 --- [io-8080-exec-10] .w.r.s.m.s.SubscriptionManagementService : Get Subscription & Device Error 404 : [{\""status\"":\""NOT_FOUND\"",\""statusMessage\"":\""Subscriber not found (AccessNumber=17252469632)\""}]\n""",2022-02-23T16:52:52.444000,"Get Subscription & Device Error 404 : [{\""status\"":\""NOT_FOUND\"",\""statusMessage\"":\""Subscriber not found (AccessNumber=17252469632)\""}]\n""",INFO,io-8080-exec-10,.w.r.s.m.s.SubscriptionManagementService
20,Get Subscription & Device Error 404,"""2022-02-23 16:52:52.209  INFO 1 --- [nio-8080-exec-8] .w.r.s.m.s.SubscriptionManagementService : Get Subscription & Device Error 404 : [{\""status\"":\""NOT_FOUND\"",\""statusMessage\"":\""Subscriber not found (AccessNumber=17252469631)\""}]\n""",2022-02-23T16:52:52.210000,"Get Subscription & Device Error 404 : [{\""status\"":\""NOT_FOUND\"",\""statusMessage\"":\""Subscriber not found (AccessNumber=17252469631)\""}]\n""",INFO,nio-8080-exec-8,.w.r.s.m.s.SubscriptionManagementService
21,Get Subscription & Device Error 404,"""2022-02-23 16:52:51.985  INFO 1 --- [nio-8080-exec-9] .w.r.s.m.s.SubscriptionManagementService : Get Subscription & Device Error 404 : [{\""status\"":\""NOT_FOUND\"",\""statusMessage\"":\""Subscriber not found (AccessNumber=17252469630)\""}]\n""",2022-02-23T16:52:51.985000,"Get Subscription & Device Error 404 : [{\""status\"":\""NOT_FOUND\"",\""statusMessage\"":\""Subscriber not found (AccessNumber=17252469630)\""}]\n""",INFO,nio-8080-exec-9,.w.r.s.m.s.SubscriptionManagementService
22,Get Subscription & Device Error 404,"""2022-02-23 16:52:51.757  INFO 1 --- [nio-8080-exec-6] .w.r.s.m.s.SubscriptionManagementService : Get Subscription & Device Error 404 : [{\""status\"":\""NOT_FOUND\"",\""statusMessage\"":\""Subscriber not found (AccessNumber=17252469629)\""}]\n""",2022-02-23T16:52:51.758000,"Get Subscription & Device Error 404 : [{\""status\"":\""NOT_FOUND\"",\""statusMessage\"":\""Subscriber not found (AccessNumber=17252469629)\""}]\n""",INFO,nio-8080-exec-6,.w.r.s.m.s.SubscriptionManagementService
23,Get Subscription & Device Error 404,"""2022-02-23 16:52:51.534  INFO 1 --- [nio-8080-exec-7] .w.r.s.m.s.SubscriptionManagementService : Get Subscription & Device Error 404 : [{\""status\"":\""NOT_FOUND\"",\""statusMessage\"":\""Subscriber not found (AccessNumber=17252469628)\""}]\n""",2022-02-23T16:52:51.534000,"Get Subscription & Device Error 404 : [{\""status\"":\""NOT_FOUND\"",\""statusMessage\"":\""Subscriber not found (AccessNumber=17252469628)\""}]\n""",INFO,nio-8080-exec-7,.w.r.s.m.s.SubscriptionManagementService
24,Get Subscription & Device Error 404,"""2022-02-23 16:52:51.309  INFO 1 --- [nio-8080-exec-5] .w.r.s.m.s.SubscriptionManagementService : Get Subscription & Device Error 404 : [{\""status\"":\""NOT_FOUND\"",\""statusMessage\"":\""Subscriber not found (AccessNumber=17252469627)\""}]\n""",2022-02-23T16:52:51.309000,"Get Subscription & Device Error 404 : [{\""status\"":\""NOT_FOUND\"",\""statusMessage\"":\""Subscriber not found (AccessNumber=17252469627)\""}]\n""",INFO,nio-8080-exec-5,.w.r.s.m.s.SubscriptionManagementService
25,Get Subscription & Device Error 404,"""2022-02-23 16:52:51.089  INFO 1 --- [nio-8080-exec-3] .w.r.s.m.s.SubscriptionManagementService : Get Subscription & Device Error 404 : [{\""status\"":\""NOT_FOUND\"",\""statusMessage\"":\""Subscriber not found (AccessNumber=17252469593)\""}]\n""",2022-02-23T16:52:51.089000,"Get Subscription & Device Error 404 : [{\""status\"":\""NOT_FOUND\"",\""statusMessage\"":\""Subscriber not found (AccessNumber=17252469593)\""}]\n""",INFO,nio-8080-exec-3,.w.r.s.m.s.SubscriptionManagementService
26,Get Subscription & Device Error 404,"""2022-02-23 16:52:50.875  INFO 1 --- [nio-8080-exec-4] .w.r.s.m.s.SubscriptionManagementService : Get Subscription & Device Error 404 : [{\""status\"":\""NOT_FOUND\"",\""statusMessage\"":\""Subscriber not found (AccessNumber=17252469553)\""}]\n""",2022-02-23T16:52:50.875000,"Get Subscription & Device Error 404 : [{\""status\"":\""NOT_FOUND\"",\""statusMessage\"":\""Subscriber not found (AccessNumber=17252469553)\""}]\n""",INFO,nio-8080-exec-4,.w.r.s.m.s.SubscriptionManagementService
27,Get Subscription & Device Error 404,"""2022-02-23 16:52:50.659  INFO 1 --- [nio-8080-exec-2] .w.r.s.m.s.SubscriptionManagementService : Get Subscription & Device Error 404 : [{\""status\"":\""NOT_FOUND\"",\""statusMessage\"":\""Subscriber not found (AccessNumber=17252469550)\""}]\n""",2022-02-23T16:52:50.659000,"Get Subscription & Device Error 404 : [{\""status\"":\""NOT_FOUND\"",\""statusMessage\"":\""Subscriber not found (AccessNumber=17252469550)\""}]\n""",INFO,nio-8080-exec-2,.w.r.s.m.s.SubscriptionManagementService
28,Get Subscription & Device Error 404,"""2022-02-23 16:52:50.446  INFO 1 --- [nio-8080-exec-1] .w.r.s.m.s.SubscriptionManagementService : Get Subscription & Device Error 404 : [{\""status\"":\""NOT_FOUND\"",\""statusMessage\"":\""Subscriber not found (AccessNumber=17252469546)\""}]\n""",2022-02-23T16:52:50.446000,"Get Subscription & Device Error 404 : [{\""status\"":\""NOT_FOUND\"",\""statusMessage\"":\""Subscriber not found (AccessNumber=17252469546)\""}]\n""",INFO,nio-8080-exec-1,.w.r.s.m.s.SubscriptionManagementService
29,Get Subscription & Device Error 404,"""2022-02-23 16:52:50.228  INFO 1 --- [io-8080-exec-10] .w.r.s.m.s.SubscriptionManagementService : Get Subscription & Device Error 404 : [{\""status\"":\""NOT_FOUND\"",\""statusMessage\"":\""Subscriber not found (AccessNumber=17252469545)\""}]\n""",2022-02-23T16:52:50.229000,"Get Subscription & Device Error 404 : [{\""status\"":\""NOT_FOUND\"",\""statusMessage\"":\""Subscriber not found (AccessNumber=17252469545)\""}]\n""",INFO,io-8080-exec-10,.w.r.s.m.s.SubscriptionManagementService
30,Get Subscription & Device Error 404,"""2022-02-23 16:52:49.977  INFO 1 --- [nio-8080-exec-8] .w.r.s.m.s.SubscriptionManagementService : Get Subscription & Device Error 404 : [{\""status\"":\""NOT_FOUND\"",\""statusMessage\"":\""Subscriber not found (AccessNumber=17252469537)\""}]\n""",2022-02-23T16:52:49.977000,"Get Subscription & Device Error 404 : [{\""status\"":\""NOT_FOUND\"",\""statusMessage\"":\""Subscriber not found (AccessNumber=17252469537)\""}]\n""",INFO,nio-8080-exec-8,.w.r.s.m.s.SubscriptionManagementService
31,Get Subscription & Device Error 404,"""2022-02-23 16:52:49.739  INFO 1 --- [nio-8080-exec-9] .w.r.s.m.s.SubscriptionManagementService : Get Subscription & Device Error 404 : [{\""status\"":\""NOT_FOUND\"",\""statusMessage\"":\""Subscriber not found (AccessNumber=17252469536)\""}]\n""",2022-02-23T16:52:49.739000,"Get Subscription & Device Error 404 : [{\""status\"":\""NOT_FOUND\"",\""statusMessage\"":\""Subscriber not found (AccessNumber=17252469536)\""}]\n""",INFO,nio-8080-exec-9,.w.r.s.m.s.SubscriptionManagementService
32,Get Subscription & Device Error 404,"""2022-02-23 16:52:49.530  INFO 1 --- [nio-8080-exec-6] .w.r.s.m.s.SubscriptionManagementService : Get Subscription & Device Error 404 : [{\""status\"":\""NOT_FOUND\"",\""statusMessage\"":\""Subscriber not found (AccessNumber=17252469535)\""}]\n""",2022-02-23T16:52:49.530000,"Get Subscription & Device Error 404 : [{\""status\"":\""NOT_FOUND\"",\""statusMessage\"":\""Subscriber not found (AccessNumber=17252469535)\""}]\n""",INFO,nio-8080-exec-6,.w.r.s.m.s.SubscriptionManagementService
33,Get Subscription & Device Error 404,"""2022-02-23 16:52:49.313  INFO 1 --- [nio-8080-exec-7] .w.r.s.m.s.SubscriptionManagementService : Get Subscription & Device Error 404 : [{\""status\"":\""NOT_FOUND\"",\""statusMessage\"":\""Subscriber not found (AccessNumber=17252469530)\""}]\n""",2022-02-23T16:52:49.313000,"Get Subscription & Device Error 404 : [{\""status\"":\""NOT_FOUND\"",\""statusMessage\"":\""Subscriber not found (AccessNumber=17252469530)\""}]\n""",INFO,nio-8080-exec-7,.w.r.s.m.s.SubscriptionManagementService
34,Get Subscription & Device Error 404,"""2022-02-23 16:52:49.074  INFO 1 --- [nio-8080-exec-5] .w.r.s.m.s.SubscriptionManagementService : Get Subscription & Device Error 404 : [{\""status\"":\""NOT_FOUND\"",\""statusMessage\"":\""Subscriber not found (AccessNumber=17252469529)\""}]\n""",2022-02-23T16:52:49.074000,"Get Subscription & Device Error 404 : [{\""status\"":\""NOT_FOUND\"",\""statusMessage\"":\""Subscriber not found (AccessNumber=17252469529)\""}]\n""",INFO,nio-8080-exec-5,.w.r.s.m.s.SubscriptionManagementService
35,Get Subscription & Device Error 404,"""2022-02-23 16:52:48.850  INFO 1 --- [nio-8080-exec-3] .w.r.s.m.s.SubscriptionManagementService : Get Subscription & Device Error 404 : [{\""status\"":\""NOT_FOUND\"",\""statusMessage\"":\""Subscriber not found (AccessNumber=17252469527)\""}]\n""",2022-02-23T16:52:48.850000,"Get Subscription & Device Error 404 : [{\""status\"":\""NOT_FOUND\"",\""statusMessage\"":\""Subscriber not found (AccessNumber=17252469527)\""}]\n""",INFO,nio-8080-exec-3,.w.r.s.m.s.SubscriptionManagementService
36,Get Subscription & Device Error 404,"""2022-02-23 16:52:48.635  INFO 1 --- [nio-8080-exec-4] .w.r.s.m.s.SubscriptionManagementService : Get Subscription & Device Error 404 : [{\""status\"":\""NOT_FOUND\"",\""statusMessage\"":\""Subscriber not found (AccessNumber=17252469519)\""}]\n""",2022-02-23T16:52:48.635000,"Get Subscription & Device Error 404 : [{\""status\"":\""NOT_FOUND\"",\""statusMessage\"":\""Subscriber not found (AccessNumber=17252469519)\""}]\n""",INFO,nio-8080-exec-4,.w.r.s.m.s.SubscriptionManagementService
37,Get Subscription & Device Error 404,"""2022-02-23 16:52:48.413  INFO 1 --- [nio-8080-exec-2] .w.r.s.m.s.SubscriptionManagementService : Get Subscription & Device Error 404 : [{\""status\"":\""NOT_FOUND\"",\""statusMessage\"":\""Subscriber not found (AccessNumber=17252469482)\""}]\n""",2022-02-23T16:52:48.413000,"Get Subscription & Device Error 404 : [{\""status\"":\""NOT_FOUND\"",\""statusMessage\"":\""Subscriber not found (AccessNumber=17252469482)\""}]\n""",INFO,nio-8080-exec-2,.w.r.s.m.s.SubscriptionManagementService
38,Get Subscription & Device Error 404,"""2022-02-23 16:52:48.194  INFO 1 --- [nio-8080-exec-1] .w.r.s.m.s.SubscriptionManagementService : Get Subscription & Device Error 404 : [{\""status\"":\""NOT_FOUND\"",\""statusMessage\"":\""Subscriber not found (AccessNumber=17252469477)\""}]\n""",2022-02-23T16:52:48.195000,"Get Subscription & Device Error 404 : [{\""status\"":\""NOT_FOUND\"",\""statusMessage\"":\""Subscriber not found (AccessNumber=17252469477)\""}]\n""",INFO,nio-8080-exec-1,.w.r.s.m.s.SubscriptionManagementService
39,Get Subscription & Device Error 404,"""2022-02-23 16:52:47.969  INFO 1 --- [io-8080-exec-10] .w.r.s.m.s.SubscriptionManagementService : Get Subscription & Device Error 404 : [{\""status\"":\""NOT_FOUND\"",\""statusMessage\"":\""Subscriber not found (AccessNumber=17252469299)\""}]\n""",2022-02-23T16:52:47.969000,"Get Subscription & Device Error 404 : [{\""status\"":\""NOT_FOUND\"",\""statusMessage\"":\""Subscriber not found (AccessNumber=17252469299)\""}]\n""",INFO,io-8080-exec-10,.w.r.s.m.s.SubscriptionManagementService
40,Get Subscription & Device Error 404,"""2022-02-23 16:52:47.740  INFO 1 --- [nio-8080-exec-8] .w.r.s.m.s.SubscriptionManagementService : Get Subscription & Device Error 404 : [{\""status\"":\""NOT_FOUND\"",\""statusMessage\"":\""Subscriber not found (AccessNumber=17252469298)\""}]\n""",2022-02-23T16:52:47.740000,"Get Subscription & Device Error 404 : [{\""status\"":\""NOT_FOUND\"",\""statusMessage\"":\""Subscriber not found (AccessNumber=17252469298)\""}]\n""",INFO,nio-8080-exec-8,.w.r.s.m.s.SubscriptionManagementService
41,Get Subscription & Device Error 404,"""2022-02-23 16:52:47.515  INFO 1 --- [nio-8080-exec-9] .w.r.s.m.s.SubscriptionManagementService : Get Subscription & Device Error 404 : [{\""status\"":\""NOT_FOUND\"",\""statusMessage\"":\""Subscriber not found (AccessNumber=17252469297)\""}]\n""",2022-02-23T16:52:47.515000,"Get Subscription & Device Error 404 : [{\""status\"":\""NOT_FOUND\"",\""statusMessage\"":\""Subscriber not found (AccessNumber=17252469297)\""}]\n""",INFO,nio-8080-exec-9,.w.r.s.m.s.SubscriptionManagementService
42,Get Subscription & Device Error 404,"""2022-02-23 16:52:47.275  INFO 1 --- [nio-8080-exec-6] .w.r.s.m.s.SubscriptionManagementService : Get Subscription & Device Error 404 : [{\""status\"":\""NOT_FOUND\"",\""statusMessage\"":\""Subscriber not found (AccessNumber=17252469296)\""}]\n""",2022-02-23T16:52:47.276000,"Get Subscription & Device Error 404 : [{\""status\"":\""NOT_FOUND\"",\""statusMessage\"":\""Subscriber not found (AccessNumber=17252469296)\""}]\n""",INFO,nio-8080-exec-6,.w.r.s.m.s.SubscriptionManagementService
43,Get Subscription & Device Error 404,"""2022-02-23 16:52:47.051  INFO 1 --- [nio-8080-exec-7] .w.r.s.m.s.SubscriptionManagementService : Get Subscription & Device Error 404 : [{\""status\"":\""NOT_FOUND\"",\""statusMessage\"":\""Subscriber not found (AccessNumber=17252469295)\""}]\n""",2022-02-23T16:52:47.051000,"Get Subscription & Device Error 404 : [{\""status\"":\""NOT_FOUND\"",\""statusMessage\"":\""Subscriber not found (AccessNumber=17252469295)\""}]\n""",INFO,nio-8080-exec-7,.w.r.s.m.s.SubscriptionManagementService
44,Get Subscription & Device Error 404,"""2022-02-23 16:52:46.822  INFO 1 --- [nio-8080-exec-5] .w.r.s.m.s.SubscriptionManagementService : Get Subscription & Device Error 404 : [{\""status\"":\""NOT_FOUND\"",\""statusMessage\"":\""Subscriber not found (AccessNumber=17252469294)\""}]\n""",2022-02-23T16:52:46.823000,"Get Subscription & Device Error 404 : [{\""status\"":\""NOT_FOUND\"",\""statusMessage\"":\""Subscriber not found (AccessNumber=17252469294)\""}]\n""",INFO,nio-8080-exec-5,.w.r.s.m.s.SubscriptionManagementService
45,Get Subscription & Device Error 404,"""2022-02-23 16:52:46.595  INFO 1 --- [nio-8080-exec-3] .w.r.s.m.s.SubscriptionManagementService : Get Subscription & Device Error 404 : [{\""status\"":\""NOT_FOUND\"",\""statusMessage\"":\""Subscriber not found (AccessNumber=17252469293)\""}]\n""",2022-02-23T16:52:46.595000,"Get Subscription & Device Error 404 : [{\""status\"":\""NOT_FOUND\"",\""statusMessage\"":\""Subscriber not found (AccessNumber=17252469293)\""}]\n""",INFO,nio-8080-exec-3,.w.r.s.m.s.SubscriptionManagementService
46,Get Subscription & Device Error 404,"""2022-02-23 16:52:46.369  INFO 1 --- [nio-8080-exec-4] .w.r.s.m.s.SubscriptionManagementService : Get Subscription & Device Error 404 : [{\""status\"":\""NOT_FOUND\"",\""statusMessage\"":\""Subscriber not found (AccessNumber=17252469292)\""}]\n""",2022-02-23T16:52:46.369000,"Get Subscription & Device Error 404 : [{\""status\"":\""NOT_FOUND\"",\""statusMessage\"":\""Subscriber not found (AccessNumber=17252469292)\""}]\n""",INFO,nio-8080-exec-4,.w.r.s.m.s.SubscriptionManagementService
47,Get Subscription & Device Error 404,"""2022-02-23 16:52:46.156  INFO 1 --- [nio-8080-exec-2] .w.r.s.m.s.SubscriptionManagementService : Get Subscription & Device Error 404 : [{\""status\"":\""NOT_FOUND\"",\""statusMessage\"":\""Subscriber not found (AccessNumber=17252469290)\""}]\n""",2022-02-23T16:52:46.156000,"Get Subscription & Device Error 404 : [{\""status\"":\""NOT_FOUND\"",\""statusMessage\"":\""Subscriber not found (AccessNumber=17252469290)\""}]\n""",INFO,nio-8080-exec-2,.w.r.s.m.s.SubscriptionManagementService
48,Get Subscription & Device Error 404,"""2022-02-23 16:52:45.929  INFO 1 --- [nio-8080-exec-1] .w.r.s.m.s.SubscriptionManagementService : Get Subscription & Device Error 404 : [{\""status\"":\""NOT_FOUND\"",\""statusMessage\"":\""Subscriber not found (AccessNumber=17252469289)\""}]\n""",2022-02-23T16:52:45.929000,"Get Subscription & Device Error 404 : [{\""status\"":\""NOT_FOUND\"",\""statusMessage\"":\""Subscriber not found (AccessNumber=17252469289)\""}]\n""",INFO,nio-8080-exec-1,.w.r.s.m.s.SubscriptionManagementService
49,Get Subscription & Device Error 404,"""2022-02-23 16:52:45.713  INFO 1 --- [io-8080-exec-10] .w.r.s.m.s.SubscriptionManagementService : Get Subscription & Device Error 404 : [{\""status\"":\""NOT_FOUND\"",\""statusMessage\"":\""Subscriber not found (AccessNumber=17252469288)\""}]\n""",2022-02-23T16:52:45.714000,"Get Subscription & Device Error 404 : [{\""status\"":\""NOT_FOUND\"",\""statusMessage\"":\""Subscriber not found (AccessNumber=17252469288)\""}]\n""",INFO,io-8080-exec-10,.w.r.s.m.s.SubscriptionManagementService
50,Get Subscription & Device Error 404,"""2022-02-23 16:52:45.495  INFO 1 --- [nio-8080-exec-8] .w.r.s.m.s.SubscriptionManagementService : Get Subscription & Device Error 404 : [{\""status\"":\""NOT_FOUND\"",\""statusMessage\"":\""Subscriber not found (AccessNumber=17252469287)\""}]\n""",2022-02-23T16:52:45.495000,"Get Subscription & Device Error 404 : [{\""status\"":\""NOT_FOUND\"",\""statusMessage\"":\""Subscriber not found (AccessNumber=17252469287)\""}]\n""",INFO,nio-8080-exec-8,.w.r.s.m.s.SubscriptionManagementService
51,Get Subscription & Device Error 404,"""2022-02-23 16:52:45.271  INFO 1 --- [nio-8080-exec-9] .w.r.s.m.s.SubscriptionManagementService : Get Subscription & Device Error 404 : [{\""status\"":\""NOT_FOUND\"",\""statusMessage\"":\""Subscriber not found (AccessNumber=17252469263)\""}]\n""",2022-02-23T16:52:45.271000,"Get Subscription & Device Error 404 : [{\""status\"":\""NOT_FOUND\"",\""statusMessage\"":\""Subscriber not found (AccessNumber=17252469263)\""}]\n""",INFO,nio-8080-exec-9,.w.r.s.m.s.SubscriptionManagementService
52,Get Subscription & Device Error 404,"""2022-02-23 16:52:45.023  INFO 1 --- [nio-8080-exec-6] .w.r.s.m.s.SubscriptionManagementService : Get Subscription & Device Error 404 : [{\""status\"":\""NOT_FOUND\"",\""statusMessage\"":\""Subscriber not found (AccessNumber=17252469259)\""}]\n""",2022-02-23T16:52:45.023000,"Get Subscription & Device Error 404 : [{\""status\"":\""NOT_FOUND\"",\""statusMessage\"":\""Subscriber not found (AccessNumber=17252469259)\""}]\n""",INFO,nio-8080-exec-6,.w.r.s.m.s.SubscriptionManagementService
53,Get Subscription & Device Error 404,"""2022-02-23 16:52:44.799  INFO 1 --- [nio-8080-exec-7] .w.r.s.m.s.SubscriptionManagementService : Get Subscription & Device Error 404 : [{\""status\"":\""NOT_FOUND\"",\""statusMessage\"":\""Subscriber not found (AccessNumber=17252469256)\""}]\n""",2022-02-23T16:52:44.800000,"Get Subscription & Device Error 404 : [{\""status\"":\""NOT_FOUND\"",\""statusMessage\"":\""Subscriber not found (AccessNumber=17252469256)\""}]\n""",INFO,nio-8080-exec-7,.w.r.s.m.s.SubscriptionManagementService
54,Get Subscription & Device Error 404,"""2022-02-23 16:52:44.572  INFO 1 --- [nio-8080-exec-5] .w.r.s.m.s.SubscriptionManagementService : Get Subscription & Device Error 404 : [{\""status\"":\""NOT_FOUND\"",\""statusMessage\"":\""Subscriber not found (AccessNumber=17252469205)\""}]\n""",2022-02-23T16:52:44.572000,"Get Subscription & Device Error 404 : [{\""status\"":\""NOT_FOUND\"",\""statusMessage\"":\""Subscriber not found (AccessNumber=17252469205)\""}]\n""",INFO,nio-8080-exec-5,.w.r.s.m.s.SubscriptionManagementService
55,Get Subscription & Device Error 404,"""2022-02-23 16:52:44.354  INFO 1 --- [nio-8080-exec-3] .w.r.s.m.s.SubscriptionManagementService : Get Subscription & Device Error 404 : [{\""status\"":\""NOT_FOUND\"",\""statusMessage\"":\""Subscriber not found (AccessNumber=17252469201)\""}]\n""",2022-02-23T16:52:44.354000,"Get Subscription & Device Error 404 : [{\""status\"":\""NOT_FOUND\"",\""statusMessage\"":\""Subscriber not found (AccessNumber=17252469201)\""}]\n""",INFO,nio-8080-exec-3,.w.r.s.m.s.SubscriptionManagementService
56,Get Subscription & Device Error 404,"""2022-02-23 16:52:44.131  INFO 1 --- [nio-8080-exec-4] .w.r.s.m.s.SubscriptionManagementService : Get Subscription & Device Error 404 : [{\""status\"":\""NOT_FOUND\"",\""statusMessage\"":\""Subscriber not found (AccessNumber=17252469199)\""}]\n""",2022-02-23T16:52:44.132000,"Get Subscription & Device Error 404 : [{\""status\"":\""NOT_FOUND\"",\""statusMessage\"":\""Subscriber not found (AccessNumber=17252469199)\""}]\n""",INFO,nio-8080-exec-4,.w.r.s.m.s.SubscriptionManagementService
57,Get Subscription & Device Error 404,"""2022-02-23 16:52:43.910  INFO 1 --- [nio-8080-exec-2] .w.r.s.m.s.SubscriptionManagementService : Get Subscription & Device Error 404 : [{\""status\"":\""NOT_FOUND\"",\""statusMessage\"":\""Subscriber not found (AccessNumber=17252469187)\""}]\n""",2022-02-23T16:52:43.910000,"Get Subscription & Device Error 404 : [{\""status\"":\""NOT_FOUND\"",\""statusMessage\"":\""Subscriber not found (AccessNumber=17252469187)\""}]\n""",INFO,nio-8080-exec-2,.w.r.s.m.s.SubscriptionManagementService
58,Get Subscription & Device Error 404,"""2022-02-23 16:52:43.689  INFO 1 --- [nio-8080-exec-1] .w.r.s.m.s.SubscriptionManagementService : Get Subscription & Device Error 404 : [{\""status\"":\""NOT_FOUND\"",\""statusMessage\"":\""Subscriber not found (AccessNumber=17252469172)\""}]\n""",2022-02-23T16:52:43.690000,"Get Subscription & Device Error 404 : [{\""status\"":\""NOT_FOUND\"",\""statusMessage\"":\""Subscriber not found (AccessNumber=17252469172)\""}]\n""",INFO,nio-8080-exec-1,.w.r.s.m.s.SubscriptionManagementService
59,Get Subscription & Device Error 404,"""2022-02-23 16:52:43.464  INFO 1 --- [io-8080-exec-10] .w.r.s.m.s.SubscriptionManagementService : Get Subscription & Device Error 404 : [{\""status\"":\""NOT_FOUND\"",\""statusMessage\"":\""Subscriber not found (AccessNumber=17252469171)\""}]\n""",2022-02-23T16:52:43.465000,"Get Subscription & Device Error 404 : [{\""status\"":\""NOT_FOUND\"",\""statusMessage\"":\""Subscriber not found (AccessNumber=17252469171)\""}]\n""",INFO,io-8080-exec-10,.w.r.s.m.s.SubscriptionManagementService
60,Get Subscription & Device Error 404,"""2022-02-23 16:52:43.241  INFO 1 --- [nio-8080-exec-8] .w.r.s.m.s.SubscriptionManagementService : Get Subscription & Device Error 404 : [{\""status\"":\""NOT_FOUND\"",\""statusMessage\"":\""Subscriber not found (AccessNumber=17252469170)\""}]\n""",2022-02-23T16:52:43.242000,"Get Subscription & Device Error 404 : [{\""status\"":\""NOT_FOUND\"",\""statusMessage\"":\""Subscriber not found (AccessNumber=17252469170)\""}]\n""",INFO,nio-8080-exec-8,.w.r.s.m.s.SubscriptionManagementService
61,Get Subscription & Device Error 404,"""2022-02-23 16:52:43.003  INFO 1 --- [nio-8080-exec-9] .w.r.s.m.s.SubscriptionManagementService : Get Subscription & Device Error 404 : [{\""status\"":\""NOT_FOUND\"",\""statusMessage\"":\""Subscriber not found (AccessNumber=17252469163)\""}]\n""",2022-02-23T16:52:43.004000,"Get Subscription & Device Error 404 : [{\""status\"":\""NOT_FOUND\"",\""statusMessage\"":\""Subscriber not found (AccessNumber=17252469163)\""}]\n""",INFO,nio-8080-exec-9,.w.r.s.m.s.SubscriptionManagementService
62,Get Subscription & Device Error 404,"""2022-02-23 16:52:42.773  INFO 1 --- [nio-8080-exec-6] .w.r.s.m.s.SubscriptionManagementService : Get Subscription & Device Error 404 : [{\""status\"":\""NOT_FOUND\"",\""statusMessage\"":\""Subscriber not found (AccessNumber=17252469162)\""}]\n""",2022-02-23T16:52:42.773000,"Get Subscription & Device Error 404 : [{\""status\"":\""NOT_FOUND\"",\""statusMessage\"":\""Subscriber not found (AccessNumber=17252469162)\""}]\n""",INFO,nio-8080-exec-6,.w.r.s.m.s.SubscriptionManagementService
63,Get Subscription & Device Error 404,"""2022-02-23 16:52:42.549  INFO 1 --- [nio-8080-exec-7] .w.r.s.m.s.SubscriptionManagementService : Get Subscription & Device Error 404 : [{\""status\"":\""NOT_FOUND\"",\""statusMessage\"":\""Subscriber not found (AccessNumber=17252469161)\""}]\n""",2022-02-23T16:52:42.550000,"Get Subscription & Device Error 404 : [{\""status\"":\""NOT_FOUND\"",\""statusMessage\"":\""Subscriber not found (AccessNumber=17252469161)\""}]\n""",INFO,nio-8080-exec-7,.w.r.s.m.s.SubscriptionManagementService
64,Get Subscription & Device Error 404,"""2022-02-23 16:52:42.332  INFO 1 --- [nio-8080-exec-5] .w.r.s.m.s.SubscriptionManagementService : Get Subscription & Device Error 404 : [{\""status\"":\""NOT_FOUND\"",\""statusMessage\"":\""Subscriber not found (AccessNumber=17252469145)\""}]\n""",2022-02-23T16:52:42.333000,"Get Subscription & Device Error 404 : [{\""status\"":\""NOT_FOUND\"",\""statusMessage\"":\""Subscriber not found (AccessNumber=17252469145)\""}]\n""",INFO,nio-8080-exec-5,.w.r.s.m.s.SubscriptionManagementService
65,Get Subscription & Device Error 404,"""2022-02-23 16:52:42.103  INFO 1 --- [nio-8080-exec-3] .w.r.s.m.s.SubscriptionManagementService : Get Subscription & Device Error 404 : [{\""status\"":\""NOT_FOUND\"",\""statusMessage\"":\""Subscriber not found (AccessNumber=17252469096)\""}]\n""",2022-02-23T16:52:42.103000,"Get Subscription & Device Error 404 : [{\""status\"":\""NOT_FOUND\"",\""statusMessage\"":\""Subscriber not found (AccessNumber=17252469096)\""}]\n""",INFO,nio-8080-exec-3,.w.r.s.m.s.SubscriptionManagementService
66,Get Subscription & Device Error 404,"""2022-02-23 16:52:41.883  INFO 1 --- [nio-8080-exec-4] .w.r.s.m.s.SubscriptionManagementService : Get Subscription & Device Error 404 : [{\""status\"":\""NOT_FOUND\"",\""statusMessage\"":\""Subscriber not found (AccessNumber=17252469036)\""}]\n""",2022-02-23T16:52:41.883000,"Get Subscription & Device Error 404 : [{\""status\"":\""NOT_FOUND\"",\""statusMessage\"":\""Subscriber not found (AccessNumber=17252469036)\""}]\n""",INFO,nio-8080-exec-4,.w.r.s.m.s.SubscriptionManagementService
67,Get Subscription & Device Error 404,"""2022-02-23 16:52:41.656  INFO 1 --- [nio-8080-exec-2] .w.r.s.m.s.SubscriptionManagementService : Get Subscription & Device Error 404 : [{\""status\"":\""NOT_FOUND\"",\""statusMessage\"":\""Subscriber not found (AccessNumber=17252469035)\""}]\n""",2022-02-23T16:52:41.657000,"Get Subscription & Device Error 404 : [{\""status\"":\""NOT_FOUND\"",\""statusMessage\"":\""Subscriber not found (AccessNumber=17252469035)\""}]\n""",INFO,nio-8080-exec-2,.w.r.s.m.s.SubscriptionManagementService
68,Get Subscription & Device Error 404,"""2022-02-23 16:52:41.417  INFO 1 --- [nio-8080-exec-1] .w.r.s.m.s.SubscriptionManagementService : Get Subscription & Device Error 404 : [{\""status\"":\""NOT_FOUND\"",\""statusMessage\"":\""Subscriber not found (AccessNumber=17252469030)\""}]\n""",2022-02-23T16:52:41.417000,"Get Subscription & Device Error 404 : [{\""status\"":\""NOT_FOUND\"",\""statusMessage\"":\""Subscriber not found (AccessNumber=17252469030)\""}]\n""",INFO,nio-8080-exec-1,.w.r.s.m.s.SubscriptionManagementService
69,Get Subscription & Device Error 404,"""2022-02-23 16:52:41.193  INFO 1 --- [io-8080-exec-10] .w.r.s.m.s.SubscriptionManagementService : Get Subscription & Device Error 404 : [{\""status\"":\""NOT_FOUND\"",\""statusMessage\"":\""Subscriber not found (AccessNumber=17252469029)\""}]\n""",2022-02-23T16:52:41.194000,"Get Subscription & Device Error 404 : [{\""status\"":\""NOT_FOUND\"",\""statusMessage\"":\""Subscriber not found (AccessNumber=17252469029)\""}]\n""",INFO,io-8080-exec-10,.w.r.s.m.s.SubscriptionManagementService
70,Get Subscription & Device Error 404,"""2022-02-23 16:52:40.971  INFO 1 --- [nio-8080-exec-8] .w.r.s.m.s.SubscriptionManagementService : Get Subscription & Device Error 404 : [{\""status\"":\""NOT_FOUND\"",\""statusMessage\"":\""Subscriber not found (AccessNumber=17252469021)\""}]\n""",2022-02-23T16:52:40.971000,"Get Subscription & Device Error 404 : [{\""status\"":\""NOT_FOUND\"",\""statusMessage\"":\""Subscriber not found (AccessNumber=17252469021)\""}]\n""",INFO,nio-8080-exec-8,.w.r.s.m.s.SubscriptionManagementService
71,Get Subscription & Device Error 404,"""2022-02-23 16:52:40.741  INFO 1 --- [nio-8080-exec-9] .w.r.s.m.s.SubscriptionManagementService : Get Subscription & Device Error 404 : [{\""status\"":\""NOT_FOUND\"",\""statusMessage\"":\""Subscriber not found (AccessNumber=17252469010)\""}]\n""",2022-02-23T16:52:40.741000,"Get Subscription & Device Error 404 : [{\""status\"":\""NOT_FOUND\"",\""statusMessage\"":\""Subscriber not found (AccessNumber=17252469010)\""}]\n""",INFO,nio-8080-exec-9,.w.r.s.m.s.SubscriptionManagementService
72,Get Subscription & Device Error 404,"""2022-02-23 16:52:40.523  INFO 1 --- [nio-8080-exec-6] .w.r.s.m.s.SubscriptionManagementService : Get Subscription & Device Error 404 : [{\""status\"":\""NOT_FOUND\"",\""statusMessage\"":\""Subscriber not found (AccessNumber=17252469009)\""}]\n""",2022-02-23T16:52:40.523000,"Get Subscription & Device Error 404 : [{\""status\"":\""NOT_FOUND\"",\""statusMessage\"":\""Subscriber not found (AccessNumber=17252469009)\""}]\n""",INFO,nio-8080-exec-6,.w.r.s.m.s.SubscriptionManagementService
73,Get Subscription & Device Error 404,"""2022-02-23 16:52:40.287  INFO 1 --- [nio-8080-exec-7] .w.r.s.m.s.SubscriptionManagementService : Get Subscription & Device Error 404 : [{\""status\"":\""NOT_FOUND\"",\""statusMessage\"":\""Subscriber not found (AccessNumber=17252469007)\""}]\n""",2022-02-23T16:52:40.288000,"Get Subscription & Device Error 404 : [{\""status\"":\""NOT_FOUND\"",\""statusMessage\"":\""Subscriber not found (AccessNumber=17252469007)\""}]\n""",INFO,nio-8080-exec-7,.w.r.s.m.s.SubscriptionManagementService
74,Get Subscription & Device Error 404,"""2022-02-23 16:52:40.066  INFO 1 --- [nio-8080-exec-5] .w.r.s.m.s.SubscriptionManagementService : Get Subscription & Device Error 404 : [{\""status\"":\""NOT_FOUND\"",\""statusMessage\"":\""Subscriber not found (AccessNumber=17252469004)\""}]\n""",2022-02-23T16:52:40.066000,"Get Subscription & Device Error 404 : [{\""status\"":\""NOT_FOUND\"",\""statusMessage\"":\""Subscriber not found (AccessNumber=17252469004)\""}]\n""",INFO,nio-8080-exec-5,.w.r.s.m.s.SubscriptionManagementService
75,Get Subscription & Device Error 404,"""2022-02-23 16:27:30.318  INFO 1 --- [nio-8080-exec-3] .w.r.s.m.s.SubscriptionManagementService : Get Subscription & Device Error 404 : [{\""status\"":\""NOT_FOUND\"",\""statusMessage\"":\""Subscriber not found (AccessNumber=17252469956)\""}]\n""",2022-02-23T16:27:30.318000,"Get Subscription & Device Error 404 : [{\""status\"":\""NOT_FOUND\"",\""statusMessage\"":\""Subscriber not found (AccessNumber=17252469956)\""}]\n""",INFO,nio-8080-exec-3,.w.r.s.m.s.SubscriptionManagementService
76,Get Subscription & Device Error 404,"""2022-02-23 16:27:30.083  INFO 1 --- [nio-8080-exec-4] .w.r.s.m.s.SubscriptionManagementService : Get Subscription & Device Error 404 : [{\""status\"":\""NOT_FOUND\"",\""statusMessage\"":\""Subscriber not found (AccessNumber=17252469950)\""}]\n""",2022-02-23T16:27:30.083000,"Get Subscription & Device Error 404 : [{\""status\"":\""NOT_FOUND\"",\""statusMessage\"":\""Subscriber not found (AccessNumber=17252469950)\""}]\n""",INFO,nio-8080-exec-4,.w.r.s.m.s.SubscriptionManagementService
77,Get Subscription & Device Error 404,"""2022-02-23 16:27:22.379  INFO 1 --- [nio-8080-exec-5] .w.r.s.m.s.SubscriptionManagementService : Get Subscription & Device Error 404 : [{\""status\"":\""NOT_FOUND\"",\""statusMessage\"":\""Subscriber not found (AccessNumber=17252469751)\""}]\n""",2022-02-23T16:27:22.380000,"Get Subscription & Device Error 404 : [{\""status\"":\""NOT_FOUND\"",\""statusMessage\"":\""Subscriber not found (AccessNumber=17252469751)\""}]\n""",INFO,nio-8080-exec-5,.w.r.s.m.s.SubscriptionManagementService
78,Get Subscription & Device Error 404,"""2022-02-23 16:27:22.158  INFO 1 --- [nio-8080-exec-3] .w.r.s.m.s.SubscriptionManagementService : Get Subscription & Device Error 404 : [{\""status\"":\""NOT_FOUND\"",\""statusMessage\"":\""Subscriber not found (AccessNumber=17252469650)\""}]\n""",2022-02-23T16:27:22.158000,"Get Subscription & Device Error 404 : [{\""status\"":\""NOT_FOUND\"",\""statusMessage\"":\""Subscriber not found (AccessNumber=17252469650)\""}]\n""",INFO,nio-8080-exec-3,.w.r.s.m.s.SubscriptionManagementService
79,Get Subscription & Device Error 404,"""2022-02-23 16:27:21.934  INFO 1 --- [nio-8080-exec-4] .w.r.s.m.s.SubscriptionManagementService : Get Subscription & Device Error 404 : [{\""status\"":\""NOT_FOUND\"",\""statusMessage\"":\""Subscriber not found (AccessNumber=17252469638)\""}]\n""",2022-02-23T16:27:21.934000,"Get Subscription & Device Error 404 : [{\""status\"":\""NOT_FOUND\"",\""statusMessage\"":\""Subscriber not found (AccessNumber=17252469638)\""}]\n""",INFO,nio-8080-exec-4,.w.r.s.m.s.SubscriptionManagementService
80,Get Subscription & Device Error 404,"""2022-02-23 16:27:21.690  INFO 1 --- [nio-8080-exec-2] .w.r.s.m.s.SubscriptionManagementService : Get Subscription & Device Error 404 : [{\""status\"":\""NOT_FOUND\"",\""statusMessage\"":\""Subscriber not found (AccessNumber=17252469636)\""}]\n""",2022-02-23T16:27:21.690000,"Get Subscription & Device Error 404 : [{\""status\"":\""NOT_FOUND\"",\""statusMessage\"":\""Subscriber not found (AccessNumber=17252469636)\""}]\n""",INFO,nio-8080-exec-2,.w.r.s.m.s.SubscriptionManagementService
81,Get Subscription & Device Error 404,"""2022-02-23 16:27:21.473  INFO 1 --- [nio-8080-exec-1] .w.r.s.m.s.SubscriptionManagementService : Get Subscription & Device Error 404 : [{\""status\"":\""NOT_FOUND\"",\""statusMessage\"":\""Subscriber not found (AccessNumber=17252469632)\""}]\n""",2022-02-23T16:27:21.473000,"Get Subscription & Device Error 404 : [{\""status\"":\""NOT_FOUND\"",\""statusMessage\"":\""Subscriber not found (AccessNumber=17252469632)\""}]\n""",INFO,nio-8080-exec-1,.w.r.s.m.s.SubscriptionManagementService
82,Get Subscription & Device Error 404,"""2022-02-23 16:27:21.254  INFO 1 --- [io-8080-exec-10] .w.r.s.m.s.SubscriptionManagementService : Get Subscription & Device Error 404 : [{\""status\"":\""NOT_FOUND\"",\""statusMessage\"":\""Subscriber not found (AccessNumber=17252469631)\""}]\n""",2022-02-23T16:27:21.254000,"Get Subscription & Device Error 404 : [{\""status\"":\""NOT_FOUND\"",\""statusMessage\"":\""Subscriber not found (AccessNumber=17252469631)\""}]\n""",INFO,io-8080-exec-10,.w.r.s.m.s.SubscriptionManagementService
83,Get Subscription & Device Error 404,"""2022-02-23 16:27:21.032  INFO 1 --- [nio-8080-exec-8] .w.r.s.m.s.SubscriptionManagementService : Get Subscription & Device Error 404 : [{\""status\"":\""NOT_FOUND\"",\""statusMessage\"":\""Subscriber not found (AccessNumber=17252469630)\""}]\n""",2022-02-23T16:27:21.032000,"Get Subscription & Device Error 404 : [{\""status\"":\""NOT_FOUND\"",\""statusMessage\"":\""Subscriber not found (AccessNumber=17252469630)\""}]\n""",INFO,nio-8080-exec-8,.w.r.s.m.s.SubscriptionManagementService
84,Get Subscription & Device Error 404,"""2022-02-23 16:27:20.808  INFO 1 --- [nio-8080-exec-9] .w.r.s.m.s.SubscriptionManagementService : Get Subscription & Device Error 404 : [{\""status\"":\""NOT_FOUND\"",\""statusMessage\"":\""Subscriber not found (AccessNumber=17252469629)\""}]\n""",2022-02-23T16:27:20.808000,"Get Subscription & Device Error 404 : [{\""status\"":\""NOT_FOUND\"",\""statusMessage\"":\""Subscriber not found (AccessNumber=17252469629)\""}]\n""",INFO,nio-8080-exec-9,.w.r.s.m.s.SubscriptionManagementService
85,Get Subscription & Device Error 404,"""2022-02-23 16:27:20.584  INFO 1 --- [nio-8080-exec-6] .w.r.s.m.s.SubscriptionManagementService : Get Subscription & Device Error 404 : [{\""status\"":\""NOT_FOUND\"",\""statusMessage\"":\""Subscriber not found (AccessNumber=17252469628)\""}]\n""",2022-02-23T16:27:20.585000,"Get Subscription & Device Error 404 : [{\""status\"":\""NOT_FOUND\"",\""statusMessage\"":\""Subscriber not found (AccessNumber=17252469628)\""}]\n""",INFO,nio-8080-exec-6,.w.r.s.m.s.SubscriptionManagementService
86,Get Subscription & Device Error 404,"""2022-02-23 16:27:20.362  INFO 1 --- [nio-8080-exec-7] .w.r.s.m.s.SubscriptionManagementService : Get Subscription & Device Error 404 : [{\""status\"":\""NOT_FOUND\"",\""statusMessage\"":\""Subscriber not found (AccessNumber=17252469627)\""}]\n""",2022-02-23T16:27:20.362000,"Get Subscription & Device Error 404 : [{\""status\"":\""NOT_FOUND\"",\""statusMessage\"":\""Subscriber not found (AccessNumber=17252469627)\""}]\n""",INFO,nio-8080-exec-7,.w.r.s.m.s.SubscriptionManagementService
87,Get Subscription & Device Error 404,"""2022-02-23 16:27:19.842  INFO 1 --- [nio-8080-exec-3] .w.r.s.m.s.SubscriptionManagementService : Get Subscription & Device Error 404 : [{\""status\"":\""NOT_FOUND\"",\""statusMessage\"":\""Subscriber not found (AccessNumber=17252469553)\""}]\n""",2022-02-23T16:27:19.843000,"Get Subscription & Device Error 404 : [{\""status\"":\""NOT_FOUND\"",\""statusMessage\"":\""Subscriber not found (AccessNumber=17252469553)\""}]\n""",INFO,nio-8080-exec-3,.w.r.s.m.s.SubscriptionManagementService
88,Get Subscription & Device Error 404,"""2022-02-23 16:27:19.630  INFO 1 --- [nio-8080-exec-4] .w.r.s.m.s.SubscriptionManagementService : Get Subscription & Device Error 404 : [{\""status\"":\""NOT_FOUND\"",\""statusMessage\"":\""Subscriber not found (AccessNumber=17252469550)\""}]\n""",2022-02-23T16:27:19.632000,"Get Subscription & Device Error 404 : [{\""status\"":\""NOT_FOUND\"",\""statusMessage\"":\""Subscriber not found (AccessNumber=17252469550)\""}]\n""",INFO,nio-8080-exec-4,.w.r.s.m.s.SubscriptionManagementService
89,Get Subscription & Device Error 404,"""2022-02-23 16:27:19.409  INFO 1 --- [nio-8080-exec-2] .w.r.s.m.s.SubscriptionManagementService : Get Subscription & Device Error 404 : [{\""status\"":\""NOT_FOUND\"",\""statusMessage\"":\""Subscriber not found (AccessNumber=17252469546)\""}]\n""",2022-02-23T16:27:19.409000,"Get Subscription & Device Error 404 : [{\""status\"":\""NOT_FOUND\"",\""statusMessage\"":\""Subscriber not found (AccessNumber=17252469546)\""}]\n""",INFO,nio-8080-exec-2,.w.r.s.m.s.SubscriptionManagementService
90,Get Subscription & Device Error 404,"""2022-02-23 16:27:19.180  INFO 1 --- [nio-8080-exec-1] .w.r.s.m.s.SubscriptionManagementService : Get Subscription & Device Error 404 : [{\""status\"":\""NOT_FOUND\"",\""statusMessage\"":\""Subscriber not found (AccessNumber=17252469545)\""}]\n""",2022-02-23T16:27:19.180000,"Get Subscription & Device Error 404 : [{\""status\"":\""NOT_FOUND\"",\""statusMessage\"":\""Subscriber not found (AccessNumber=17252469545)\""}]\n""",INFO,nio-8080-exec-1,.w.r.s.m.s.SubscriptionManagementService
91,Get Subscription & Device Error 404,"""2022-02-23 16:27:18.953  INFO 1 --- [io-8080-exec-10] .w.r.s.m.s.SubscriptionManagementService : Get Subscription & Device Error 404 : [{\""status\"":\""NOT_FOUND\"",\""statusMessage\"":\""Subscriber not found (AccessNumber=17252469537)\""}]\n""",2022-02-23T16:27:18.953000,"Get Subscription & Device Error 404 : [{\""status\"":\""NOT_FOUND\"",\""statusMessage\"":\""Subscriber not found (AccessNumber=17252469537)\""}]\n""",INFO,io-8080-exec-10,.w.r.s.m.s.SubscriptionManagementService
92,Get Subscription & Device Error 404,"""2022-02-23 16:27:18.720  INFO 1 --- [nio-8080-exec-8] .w.r.s.m.s.SubscriptionManagementService : Get Subscription & Device Error 404 : [{\""status\"":\""NOT_FOUND\"",\""statusMessage\"":\""Subscriber not found (AccessNumber=17252469536)\""}]\n""",2022-02-23T16:27:18.720000,"Get Subscription & Device Error 404 : [{\""status\"":\""NOT_FOUND\"",\""statusMessage\"":\""Subscriber not found (AccessNumber=17252469536)\""}]\n""",INFO,nio-8080-exec-8,.w.r.s.m.s.SubscriptionManagementService
93,Get Subscription & Device Error 404,"""2022-02-23 16:27:18.482  INFO 1 --- [nio-8080-exec-9] .w.r.s.m.s.SubscriptionManagementService : Get Subscription & Device Error 404 : [{\""status\"":\""NOT_FOUND\"",\""statusMessage\"":\""Subscriber not found (AccessNumber=17252469535)\""}]\n""",2022-02-23T16:27:18.485000,"Get Subscription & Device Error 404 : [{\""status\"":\""NOT_FOUND\"",\""statusMessage\"":\""Subscriber not found (AccessNumber=17252469535)\""}]\n""",INFO,nio-8080-exec-9,.w.r.s.m.s.SubscriptionManagementService
94,Get Subscription & Device Error 404,"""2022-02-23 16:27:18.251  INFO 1 --- [nio-8080-exec-6] .w.r.s.m.s.SubscriptionManagementService : Get Subscription & Device Error 404 : [{\""status\"":\""NOT_FOUND\"",\""statusMessage\"":\""Subscriber not found (AccessNumber=17252469530)\""}]\n""",2022-02-23T16:27:18.251000,"Get Subscription & Device Error 404 : [{\""status\"":\""NOT_FOUND\"",\""statusMessage\"":\""Subscriber not found (AccessNumber=17252469530)\""}]\n""",INFO,nio-8080-exec-6,.w.r.s.m.s.SubscriptionManagementService
95,Get Subscription & Device Error 404,"""2022-02-23 16:27:18.029  INFO 1 --- [nio-8080-exec-7] .w.r.s.m.s.SubscriptionManagementService : Get Subscription & Device Error 404 : [{\""status\"":\""NOT_FOUND\"",\""statusMessage\"":\""Subscriber not found (AccessNumber=17252469529)\""}]\n""",2022-02-23T16:27:18.029000,"Get Subscription & Device Error 404 : [{\""status\"":\""NOT_FOUND\"",\""statusMessage\"":\""Subscriber not found (AccessNumber=17252469529)\""}]\n""",INFO,nio-8080-exec-7,.w.r.s.m.s.SubscriptionManagementService
96,Get Subscription & Device Error 404,"""2022-02-23 16:27:17.813  INFO 1 --- [nio-8080-exec-5] .w.r.s.m.s.SubscriptionManagementService : Get Subscription & Device Error 404 : [{\""status\"":\""NOT_FOUND\"",\""statusMessage\"":\""Subscriber not found (AccessNumber=17252469527)\""}]\n""",2022-02-23T16:27:17.814000,"Get Subscription & Device Error 404 : [{\""status\"":\""NOT_FOUND\"",\""statusMessage\"":\""Subscriber not found (AccessNumber=17252469527)\""}]\n""",INFO,nio-8080-exec-5,.w.r.s.m.s.SubscriptionManagementService
97,Get Subscription & Device Error 404,"""2022-02-23 16:27:16.994  INFO 1 --- [nio-8080-exec-2] .w.r.s.m.s.SubscriptionManagementService : Get Subscription & Device Error 404 : [{\""status\"":\""NOT_FOUND\"",\""statusMessage\"":\""Subscriber not found (AccessNumber=17252469477)\""}]\n""",2022-02-23T16:27:16.994000,"Get Subscription & Device Error 404 : [{\""status\"":\""NOT_FOUND\"",\""statusMessage\"":\""Subscriber not found (AccessNumber=17252469477)\""}]\n""",INFO,nio-8080-exec-2,.w.r.s.m.s.SubscriptionManagementService
98,Get Subscription & Device Error 404,"""2022-02-23 16:27:15.290  INFO 1 --- [nio-8080-exec-7] .w.r.s.m.s.SubscriptionManagementService : Get Subscription & Device Error 404 : [{\""status\"":\""NOT_FOUND\"",\""statusMessage\"":\""Subscriber not found (AccessNumber=17252469294)\""}]\n""",2022-02-23T16:27:15.290000,"Get Subscription & Device Error 404 : [{\""status\"":\""NOT_FOUND\"",\""statusMessage\"":\""Subscriber not found (AccessNumber=17252469294)\""}]\n""",INFO,nio-8080-exec-7,.w.r.s.m.s.SubscriptionManagementService
99,Get Subscription & Device Error 404,"""2022-02-23 16:27:15.061  INFO 1 --- [nio-8080-exec-5] .w.r.s.m.s.SubscriptionManagementService : Get Subscription & Device Error 404 : [{\""status\"":\""NOT_FOUND\"",\""statusMessage\"":\""Subscriber not found (AccessNumber=17252469293)\""}]\n""",2022-02-23T16:27:15.061000,"Get Subscription & Device Error 404 : [{\""status\"":\""NOT_FOUND\"",\""statusMessage\"":\""Subscriber not found (AccessNumber=17252469293)\""}]\n""",INFO,nio-8080-exec-5,.w.r.s.m.s.SubscriptionManagementService
100,Get Subscription & Device Error 404,"""2022-02-23 16:27:14.845  INFO 1 --- [nio-8080-exec-3] .w.r.s.m.s.SubscriptionManagementService : Get Subscription & Device Error 404 : [{\""status\"":\""NOT_FOUND\"",\""statusMessage\"":\""Subscriber not found (AccessNumber=17252469292)\""}]\n""",2022-02-23T16:27:14.845000,"Get Subscription & Device Error 404 : [{\""status\"":\""NOT_FOUND\"",\""statusMessage\"":\""Subscriber not found (AccessNumber=17252469292)\""}]\n""",INFO,nio-8080-exec-3,.w.r.s.m.s.SubscriptionManagementService
101,Get Subscription & Device Error 404,"""2022-02-23 16:27:14.616  INFO 1 --- [nio-8080-exec-4] .w.r.s.m.s.SubscriptionManagementService : Get Subscription & Device Error 404 : [{\""status\"":\""NOT_FOUND\"",\""statusMessage\"":\""Subscriber not found (AccessNumber=17252469290)\""}]\n""",2022-02-23T16:27:14.616000,"Get Subscription & Device Error 404 : [{\""status\"":\""NOT_FOUND\"",\""statusMessage\"":\""Subscriber not found (AccessNumber=17252469290)\""}]\n""",INFO,nio-8080-exec-4,.w.r.s.m.s.SubscriptionManagementService
102,Get Subscription & Device Error 404,"""2022-02-23 16:27:12.537  INFO 1 --- [nio-8080-exec-7] .w.r.s.m.s.SubscriptionManagementService : Get Subscription & Device Error 404 : [{\""status\"":\""NOT_FOUND\"",\""statusMessage\"":\""Subscriber not found (AccessNumber=17252469205)\""}]\n""",2022-02-23T16:27:12.537000,"Get Subscription & Device Error 404 : [{\""status\"":\""NOT_FOUND\"",\""statusMessage\"":\""Subscriber not found (AccessNumber=17252469205)\""}]\n""",INFO,nio-8080-exec-7,.w.r.s.m.s.SubscriptionManagementService
103,Get Subscription & Device Error 404,"""2022-02-23 16:27:12.021  INFO 1 --- [nio-8080-exec-3] .w.r.s.m.s.SubscriptionManagementService : Get Subscription & Device Error 404 : [{\""status\"":\""NOT_FOUND\"",\""statusMessage\"":\""Subscriber not found (AccessNumber=17252469199)\""}]\n""",2022-02-23T16:27:12.021000,"Get Subscription & Device Error 404 : [{\""status\"":\""NOT_FOUND\"",\""statusMessage\"":\""Subscriber not found (AccessNumber=17252469199)\""}]\n""",INFO,nio-8080-exec-3,.w.r.s.m.s.SubscriptionManagementService
104,Get Subscription & Device Error 404,"""2022-02-23 16:27:11.801  INFO 1 --- [nio-8080-exec-2] .w.r.s.m.s.SubscriptionManagementService : Get Subscription & Device Error 404 : [{\""status\"":\""NOT_FOUND\"",\""statusMessage\"":\""Subscriber not found (AccessNumber=17252469187)\""}]\n""",2022-02-23T16:27:11.802000,"Get Subscription & Device Error 404 : [{\""status\"":\""NOT_FOUND\"",\""statusMessage\"":\""Subscriber not found (AccessNumber=17252469187)\""}]\n""",INFO,nio-8080-exec-2,.w.r.s.m.s.SubscriptionManagementService
105,Get Subscription & Device Error 404,"""2022-02-23 16:27:09.150  INFO 1 --- [io-8080-exec-10] .w.r.s.m.s.SubscriptionManagementService : Get Subscription & Device Error 404 : [{\""status\"":\""NOT_FOUND\"",\""statusMessage\"":\""Subscriber not found (AccessNumber=17252469036)\""}]\n""",2022-02-23T16:27:09.150000,"Get Subscription & Device Error 404 : [{\""status\"":\""NOT_FOUND\"",\""statusMessage\"":\""Subscriber not found (AccessNumber=17252469036)\""}]\n""",INFO,io-8080-exec-10,.w.r.s.m.s.SubscriptionManagementService
106,Get Subscription & Device Error 404,"""2022-02-23 16:27:08.353  INFO 1 --- [nio-8080-exec-7] .w.r.s.m.s.SubscriptionManagementService : Get Subscription & Device Error 404 : [{\""status\"":\""NOT_FOUND\"",\""statusMessage\"":\""Subscriber not found (AccessNumber=17252469029)\""}]\n""",2022-02-23T16:27:08.353000,"Get Subscription & Device Error 404 : [{\""status\"":\""NOT_FOUND\"",\""statusMessage\"":\""Subscriber not found (AccessNumber=17252469029)\""}]\n""",INFO,nio-8080-exec-7,.w.r.s.m.s.SubscriptionManagementService
107,Get Subscription & Device Error 404,"""2022-02-23 16:27:08.115  INFO 1 --- [nio-8080-exec-5] .w.r.s.m.s.SubscriptionManagementService : Get Subscription & Device Error 404 : [{\""status\"":\""NOT_FOUND\"",\""statusMessage\"":\""Subscriber not found (AccessNumber=17252469021)\""}]\n""",2022-02-23T16:27:08.116000,"Get Subscription & Device Error 404 : [{\""status\"":\""NOT_FOUND\"",\""statusMessage\"":\""Subscriber not found (AccessNumber=17252469021)\""}]\n""",INFO,nio-8080-exec-5,.w.r.s.m.s.SubscriptionManagementService
108,Get Subscription & Device Error 404,"""2022-02-23 16:27:07.888  INFO 1 --- [nio-8080-exec-3] .w.r.s.m.s.SubscriptionManagementService : Get Subscription & Device Error 404 : [{\""status\"":\""NOT_FOUND\"",\""statusMessage\"":\""Subscriber not found (AccessNumber=17252469010)\""}]\n""",2022-02-23T16:27:07.888000,"Get Subscription & Device Error 404 : [{\""status\"":\""NOT_FOUND\"",\""statusMessage\"":\""Subscriber not found (AccessNumber=17252469010)\""}]\n""",INFO,nio-8080-exec-3,.w.r.s.m.s.SubscriptionManagementService
109,Get Subscription & Device Error 404,"""2022-02-23 16:27:07.660  INFO 1 --- [nio-8080-exec-4] .w.r.s.m.s.SubscriptionManagementService : Get Subscription & Device Error 404 : [{\""status\"":\""NOT_FOUND\"",\""statusMessage\"":\""Subscriber not found (AccessNumber=17252469009)\""}]\n""",2022-02-23T16:27:07.661000,"Get Subscription & Device Error 404 : [{\""status\"":\""NOT_FOUND\"",\""statusMessage\"":\""Subscriber not found (AccessNumber=17252469009)\""}]\n""",INFO,nio-8080-exec-4,.w.r.s.m.s.SubscriptionManagementService
110,Get Subscription & Device Error 404,"""2022-02-23 16:27:07.414  INFO 1 --- [nio-8080-exec-2] .w.r.s.m.s.SubscriptionManagementService : Get Subscription & Device Error 404 : [{\""status\"":\""NOT_FOUND\"",\""statusMessage\"":\""Subscriber not found (AccessNumber=17252469007)\""}]\n""",2022-02-23T16:27:07.414000,"Get Subscription & Device Error 404 : [{\""status\"":\""NOT_FOUND\"",\""statusMessage\"":\""Subscriber not found (AccessNumber=17252469007)\""}]\n""",INFO,nio-8080-exec-2,.w.r.s.m.s.SubscriptionManagementService
111,Get Subscription & Device Error 404,"""2022-02-23 16:27:07.178  INFO 1 --- [nio-8080-exec-1] .w.r.s.m.s.SubscriptionManagementService : Get Subscription & Device Error 404 : [{\""status\"":\""NOT_FOUND\"",\""statusMessage\"":\""Subscriber not found (AccessNumber=17252469004)\""}]\n""",2022-02-23T16:27:07.178000,"Get Subscription & Device Error 404 : [{\""status\"":\""NOT_FOUND\"",\""statusMessage\"":\""Subscriber not found (AccessNumber=17252469004)\""}]\n""",INFO,nio-8080-exec-1,.w.r.s.m.s.SubscriptionManagementService
112,Get Subscription & Device Error 404,"""2022-02-23 16:26:11.762  INFO 1 --- [io-8080-exec-10] .w.r.s.m.s.SubscriptionManagementService : Get Subscription & Device Error 404 : [{\""status\"":\""NOT_FOUND\"",\""statusMessage\"":\""Subscriber not found (AccessNumber=17252469029)\""}]\n""",2022-02-23T16:26:11.762000,"Get Subscription & Device Error 404 : [{\""status\"":\""NOT_FOUND\"",\""statusMessage\"":\""Subscriber not found (AccessNumber=17252469029)\""}]\n""",INFO,io-8080-exec-10,.w.r.s.m.s.SubscriptionManagementService
113,Get Subscription & Device Error 404,"""2022-02-23 16:26:11.545  INFO 1 --- [nio-8080-exec-9] .w.r.s.m.s.SubscriptionManagementService : Get Subscription & Device Error 404 : [{\""status\"":\""NOT_FOUND\"",\""statusMessage\"":\""Subscriber not found (AccessNumber=17252469021)\""}]\n""",2022-02-23T16:26:11.546000,"Get Subscription & Device Error 404 : [{\""status\"":\""NOT_FOUND\"",\""statusMessage\"":\""Subscriber not found (AccessNumber=17252469021)\""}]\n""",INFO,nio-8080-exec-9,.w.r.s.m.s.SubscriptionManagementService
114,Get Subscription & Device Error 404,"""2022-02-23 16:26:11.309  INFO 1 --- [nio-8080-exec-6] .w.r.s.m.s.SubscriptionManagementService : Get Subscription & Device Error 404 : [{\""status\"":\""NOT_FOUND\"",\""statusMessage\"":\""Subscriber not found (AccessNumber=17252469010)\""}]\n""",2022-02-23T16:26:11.310000,"Get Subscription & Device Error 404 : [{\""status\"":\""NOT_FOUND\"",\""statusMessage\"":\""Subscriber not found (AccessNumber=17252469010)\""}]\n""",INFO,nio-8080-exec-6,.w.r.s.m.s.SubscriptionManagementService
115,Get Subscription & Device Error 404,"""2022-02-23 16:26:11.074  INFO 1 --- [nio-8080-exec-7] .w.r.s.m.s.SubscriptionManagementService : Get Subscription & Device Error 404 : [{\""status\"":\""NOT_FOUND\"",\""statusMessage\"":\""Subscriber not found (AccessNumber=17252469009)\""}]\n""",2022-02-23T16:26:11.074000,"Get Subscription & Device Error 404 : [{\""status\"":\""NOT_FOUND\"",\""statusMessage\"":\""Subscriber not found (AccessNumber=17252469009)\""}]\n""",INFO,nio-8080-exec-7,.w.r.s.m.s.SubscriptionManagementService
116,Get Subscription & Device Error 404,"""2022-02-23 16:26:10.841  INFO 1 --- [nio-8080-exec-5] .w.r.s.m.s.SubscriptionManagementService : Get Subscription & Device Error 404 : [{\""status\"":\""NOT_FOUND\"",\""statusMessage\"":\""Subscriber not found (AccessNumber=17252469007)\""}]\n""",2022-02-23T16:26:10.842000,"Get Subscription & Device Error 404 : [{\""status\"":\""NOT_FOUND\"",\""statusMessage\"":\""Subscriber not found (AccessNumber=17252469007)\""}]\n""",INFO,nio-8080-exec-5,.w.r.s.m.s.SubscriptionManagementService
117,Get Subscription & Device Error 404,"""2022-02-23 16:26:10.610  INFO 1 --- [nio-8080-exec-3] .w.r.s.m.s.SubscriptionManagementService : Get Subscription & Device Error 404 : [{\""status\"":\""NOT_FOUND\"",\""statusMessage\"":\""Subscriber not found (AccessNumber=17252469004)\""}]\n""",2022-02-23T16:26:10.610000,"Get Subscription & Device Error 404 : [{\""status\"":\""NOT_FOUND\"",\""statusMessage\"":\""Subscriber not found (AccessNumber=17252469004)\""}]\n""",INFO,nio-8080-exec-3,.w.r.s.m.s.SubscriptionManagementService
118,Create Subscriber Error 409,"""2022-02-22 21:06:48.688  INFO 1 --- [nio-8080-exec-6] .w.r.s.m.s.SubscriptionManagementService : Create Subscriber Error 409 : [{\""status\"":\""CONFLICT\"",\""statusMessage\"":\""Duplicate indexed field value: DishDevice.Imsi=313340100001169 for 0:1:5:3070\""}]\n""",2022-02-22T21:06:48.688000,"Create Subscriber Error 409 : [{\""status\"":\""CONFLICT\"",\""statusMessage\"":\""Duplicate indexed field value: DishDevice.Imsi=313340100001169 for 0:1:5:3070\""}]\n""",INFO,nio-8080-exec-6,.w.r.s.m.s.SubscriptionManagementService
119,Get Subscription & Device Error 404,"""2022-02-21 19:53:03.346  INFO 1 --- [nio-8080-exec-1] .w.r.s.m.s.SubscriptionManagementService : Get Subscription & Device Error 404 : [{\""status\"":\""NOT_FOUND\"",\""statusMessage\"":\""Subscriber not found (AccessNumber=17252469945)\""}]\n""",2022-02-21T19:53:03.347000,"Get Subscription & Device Error 404 : [{\""status\"":\""NOT_FOUND\"",\""statusMessage\"":\""Subscriber not found (AccessNumber=17252469945)\""}]\n""",INFO,nio-8080-exec-1,.w.r.s.m.s.SubscriptionManagementService
120,Create Subscriber Error 409,"""2022-02-21 17:39:34.089  INFO 1 --- [nio-8080-exec-1] .w.r.s.m.s.SubscriptionManagementService : Create Subscriber Error 409 : [{\""status\"":\""CONFLICT\"",\""statusMessage\"":\""Duplicate indexed field value: MtxMobileDeviceAccessObject.AccessNumber=17252469945 for 0:1:5:2824\""}]\n""",2022-02-21T17:39:34.089000,"Create Subscriber Error 409 : [{\""status\"":\""CONFLICT\"",\""statusMessage\"":\""Duplicate indexed field value: MtxMobileDeviceAccessObject.AccessNumber=17252469945 for 0:1:5:2824\""}]\n""",INFO,nio-8080-exec-1,.w.r.s.m.s.SubscriptionManagementService
121,Create Subscriber Error 409,"""2022-02-19 03:11:53.762  INFO 1 --- [nio-8080-exec-7] .w.r.s.m.s.SubscriptionManagementService : Create Subscriber Error 409 : [{\""status\"":\""CONFLICT\"",\""statusMessage\"":\""Duplicate indexed field value: MtxMobileDeviceAccessObject.AccessNumber=17252469947 for 0:1:5:2742\""}]\n""",2022-02-19T03:11:53.763000,"Create Subscriber Error 409 : [{\""status\"":\""CONFLICT\"",\""statusMessage\"":\""Duplicate indexed field value: MtxMobileDeviceAccessObject.AccessNumber=17252469947 for 0:1:5:2742\""}]\n""",INFO,nio-8080-exec-7,.w.r.s.m.s.SubscriptionManagementService
122,Create Subscriber Error 409,"""2022-02-19 02:40:29.455  INFO 1 --- [nio-8080-exec-3] .w.r.s.m.s.SubscriptionManagementService : Create Subscriber Error 409 : [{\""status\"":\""CONFLICT\"",\""statusMessage\"":\""Duplicate indexed field value: MtxMobileDeviceAccessObject.AccessNumber=17252469946 for 0:2:5:2733\""}]\n""",2022-02-19T02:40:29.455000,"Create Subscriber Error 409 : [{\""status\"":\""CONFLICT\"",\""statusMessage\"":\""Duplicate indexed field value: MtxMobileDeviceAccessObject.AccessNumber=17252469946 for 0:2:5:2733\""}]\n""",INFO,nio-8080-exec-3,.w.r.s.m.s.SubscriptionManagementService
123,Create Subscriber Error 409,"""2022-02-19 02:40:29.455  INFO 1 --- [nio-8080-exec-3] .w.r.s.m.s.SubscriptionManagementService : Create Subscriber Error 409 : [{\""status\"":\""CONFLICT\"",\""statusMessage\"":\""This is a sample message for pattern extracion""}]\n""",2022-02-19T02:40:29.455000,"Create Subscriber Error 409 : [{\""status\"":\""CONFLICT\"",\""statusMessage\"":\""This is a sample message for pattern extracion""}]\n""",INFO,nio-8080-exec-3,.w.r.s.m.s.SubscriptionManagementService
126,create subscriber error device,"""2022-02-24 23:35:19.525  INFO 1 --- [nio-8080-exec-1] .w.r.s.m.s.SubscriptionManagementService : Create Subscriber Error Device with SUPI is still active. Can't create\n""",2022-02-24T23:35:19.526000,"Create Subscriber Error Device with SUPI is still active. Can't create\n""",INFO,nio-8080-exec-1,.w.r.s.m.s.SubscriptionManagementService
127,create subscriber error device,"""2022-02-24 18:29:15.266  INFO 1 --- [nio-8080-exec-3] .w.r.s.m.s.SubscriptionManagementService : Create Subscriber Error Device with SUPI is still active. Can't create\n""",2022-02-24T18:29:15.266000,"Create Subscriber Error Device with SUPI is still active. Can't create\n""",INFO,nio-8080-exec-3,.w.r.s.m.s.SubscriptionManagementService
128,profile origin class path resource application,"""2022-02-24 17:06:05.755  WARN 1 --- [           main] o.s.b.c.config.ConfigDataEnvironment     : Property 'spring.profiles' imported from location 'class path resource [application.yml]' is invalid and should be replaced with 'spring.config.activate.on-profile' [origin: class path resource [application.yml] from app.jar - 66:13]\n""",2022-02-24T17:06:05.756000,"Property 'spring.profiles' imported from location 'class path resource [application.yml]' is invalid and should be replaced with 'spring.config.activate.on-profile' [origin: class path resource [application.yml] from app.jar - 66:13]\n""",WARN,           main,o.s.b.c.config.ConfigDataEnvironment
129,profile origin class path resource application,"""2022-02-24 17:06:05.755  WARN 1 --- [           main] o.s.b.c.config.ConfigDataEnvironment     : Property 'spring.profiles' imported from location 'class path resource [application.yml]' is invalid and should be replaced with 'spring.config.activate.on-profile' [origin: class path resource [application.yml] from app.jar - 81:13]\n""",2022-02-24T17:06:05.755000,"Property 'spring.profiles' imported from location 'class path resource [application.yml]' is invalid and should be replaced with 'spring.config.activate.on-profile' [origin: class path resource [application.yml] from app.jar - 81:13]\n""",WARN,           main,o.s.b.c.config.ConfigDataEnvironment
130,profile origin class path resource application,"""2022-02-24 17:06:05.755  WARN 1 --- [           main] o.s.b.c.config.ConfigDataEnvironment     : Property 'spring.profiles' imported from location 'class path resource [application.yml]' is invalid and should be replaced with 'spring.config.activate.on-profile' [origin: class path resource [application.yml] from app.jar - 71:13]\n""",2022-02-24T17:06:05.755000,"Property 'spring.profiles' imported from location 'class path resource [application.yml]' is invalid and should be replaced with 'spring.config.activate.on-profile' [origin: class path resource [application.yml] from app.jar - 71:13]\n""",WARN,           main,o.s.b.c.config.ConfigDataEnvironment
131,profile origin class path resource application,"""2022-02-24 17:06:05.755  WARN 1 --- [           main] o.s.b.c.config.ConfigDataEnvironment     : Property 'spring.profiles' imported from location 'class path resource [application.yml]' is invalid and should be replaced with 'spring.config.activate.on-profile' [origin: class path resource [application.yml] from app.jar - 76:13]\n""",2022-02-24T17:06:05.755000,"Property 'spring.profiles' imported from location 'class path resource [application.yml]' is invalid and should be replaced with 'spring.config.activate.on-profile' [origin: class path resource [application.yml] from app.jar - 76:13]\n""",WARN,           main,o.s.b.c.config.ConfigDataEnvironment
132,profile origin class path resource application,"""2022-02-24 17:06:05.755  WARN 1 --- [           main] o.s.b.c.config.ConfigDataEnvironment     : Property 'spring.profiles' imported from location 'class path resource [application.yml]' is invalid and should be replaced with 'spring.config.activate.on-profile' [origin: class path resource [application.yml] from app.jar - 86:13]\n""",2022-02-24T17:06:05.755000,"Property 'spring.profiles' imported from location 'class path resource [application.yml]' is invalid and should be replaced with 'spring.config.activate.on-profile' [origin: class path resource [application.yml] from app.jar - 86:13]\n""",WARN,           main,o.s.b.c.config.ConfigDataEnvironment
133,profile origin class path resource application,"""2022-02-24 17:06:04.757  WARN 1 --- [           main] o.s.b.c.config.ConfigDataEnvironment     : Property 'spring.profiles' imported from location 'class path resource [application.yml]' is invalid and should be replaced with 'spring.config.activate.on-profile' [origin: class path resource [application.yml] from app.jar - 72:13]\n""",2022-02-24T17:06:04.758000,"Property 'spring.profiles' imported from location 'class path resource [application.yml]' is invalid and should be replaced with 'spring.config.activate.on-profile' [origin: class path resource [application.yml] from app.jar - 72:13]\n""",WARN,           main,o.s.b.c.config.ConfigDataEnvironment
134,profile origin class path resource application,"""2022-02-24 17:06:04.757  WARN 1 --- [           main] o.s.b.c.config.ConfigDataEnvironment     : Property 'spring.profiles' imported from location 'class path resource [application.yml]' is invalid and should be replaced with 'spring.config.activate.on-profile' [origin: class path resource [application.yml] from app.jar - 78:13]\n""",2022-02-24T17:06:04.757000,"Property 'spring.profiles' imported from location 'class path resource [application.yml]' is invalid and should be replaced with 'spring.config.activate.on-profile' [origin: class path resource [application.yml] from app.jar - 78:13]\n""",WARN,           main,o.s.b.c.config.ConfigDataEnvironment
135,profile origin class path resource application,"""2022-02-24 17:06:04.757  WARN 1 --- [           main] o.s.b.c.config.ConfigDataEnvironment     : Property 'spring.profiles' imported from location 'class path resource [application.yml]' is invalid and should be replaced with 'spring.config.activate.on-profile' [origin: class path resource [application.yml] from app.jar - 84:13]\n""",2022-02-24T17:06:04.757000,"Property 'spring.profiles' imported from location 'class path resource [application.yml]' is invalid and should be replaced with 'spring.config.activate.on-profile' [origin: class path resource [application.yml] from app.jar - 84:13]\n""",WARN,           main,o.s.b.c.config.ConfigDataEnvironment
136,profile origin class path resource application,"""2022-02-24 17:06:04.756  WARN 1 --- [           main] o.s.b.c.config.ConfigDataEnvironment     : Property 'spring.profiles' imported from location 'class path resource [application.yml]' is invalid and should be replaced with 'spring.config.activate.on-profile' [origin: class path resource [application.yml] from app.jar - 90:13]\n""",2022-02-24T17:06:04.757000,"Property 'spring.profiles' imported from location 'class path resource [application.yml]' is invalid and should be replaced with 'spring.config.activate.on-profile' [origin: class path resource [application.yml] from app.jar - 90:13]\n""",WARN,           main,o.s.b.c.config.ConfigDataEnvironment
137,profile origin class path resource application,"""2022-02-24 17:06:04.756  WARN 1 --- [           main] o.s.b.c.config.ConfigDataEnvironment     : Property 'spring.profiles' imported from location 'class path resource [application.yml]' is invalid and should be replaced with 'spring.config.activate.on-profile' [origin: class path resource [application.yml] from app.jar - 96:13]\n""",2022-02-24T17:06:04.756000,"Property 'spring.profiles' imported from location 'class path resource [application.yml]' is invalid and should be replaced with 'spring.config.activate.on-profile' [origin: class path resource [application.yml] from app.jar - 96:13]\n""",WARN,           main,o.s.b.c.config.ConfigDataEnvironment
138,profile origin class path resource application,"""2022-02-24 17:06:01.643  WARN 1 --- [           main] o.s.b.c.config.ConfigDataEnvironment     : Property 'spring.profiles' imported from location 'class path resource [application.yml]' is invalid and should be replaced with 'spring.config.activate.on-profile' [origin: class path resource [application.yml] from app.jar - 148:13]\n""",2022-02-24T17:06:01.644000,"Property 'spring.profiles' imported from location 'class path resource [application.yml]' is invalid and should be replaced with 'spring.config.activate.on-profile' [origin: class path resource [application.yml] from app.jar - 148:13]\n""",WARN,           main,o.s.b.c.config.ConfigDataEnvironment
139,profile origin class path resource application,"""2022-02-24 17:06:01.643  WARN 1 --- [           main] o.s.b.c.config.ConfigDataEnvironment     : Property 'spring.profiles' imported from location 'class path resource [application.yml]' is invalid and should be replaced with 'spring.config.activate.on-profile' [origin: class path resource [application.yml] from app.jar - 142:13]\n""",2022-02-24T17:06:01.644000,"Property 'spring.profiles' imported from location 'class path resource [application.yml]' is invalid and should be replaced with 'spring.config.activate.on-profile' [origin: class path resource [application.yml] from app.jar - 142:13]\n""",WARN,           main,o.s.b.c.config.ConfigDataEnvironment
140,profile origin class path resource application,"""2022-02-24 17:06:01.643  WARN 1 --- [           main] o.s.b.c.config.ConfigDataEnvironment     : Property 'spring.profiles' imported from location 'class path resource [application.yml]' is invalid and should be replaced with 'spring.config.activate.on-profile' [origin: class path resource [application.yml] from app.jar - 136:13]\n""",2022-02-24T17:06:01.644000,"Property 'spring.profiles' imported from location 'class path resource [application.yml]' is invalid and should be replaced with 'spring.config.activate.on-profile' [origin: class path resource [application.yml] from app.jar - 136:13]\n""",WARN,           main,o.s.b.c.config.ConfigDataEnvironment
141,profile origin class path resource application,"""2022-02-24 17:06:01.643  WARN 1 --- [           main] o.s.b.c.config.ConfigDataEnvironment     : Property 'spring.profiles' imported from location 'class path resource [application.yml]' is invalid and should be replaced with 'spring.config.activate.on-profile' [origin: class path resource [application.yml] from app.jar - 160:13]\n""",2022-02-24T17:06:01.643000,"Property 'spring.profiles' imported from location 'class path resource [application.yml]' is invalid and should be replaced with 'spring.config.activate.on-profile' [origin: class path resource [application.yml] from app.jar - 160:13]\n""",WARN,           main,o.s.b.c.config.ConfigDataEnvironment
142,profile origin class path resource application,"""2022-02-24 17:06:01.643  WARN 1 --- [           main] o.s.b.c.config.ConfigDataEnvironment     : Property 'spring.profiles' imported from location 'class path resource [application.yml]' is invalid and should be replaced with 'spring.config.activate.on-profile' [origin: class path resource [application.yml] from app.jar - 154:13]\n""",2022-02-24T17:06:01.643000,"Property 'spring.profiles' imported from location 'class path resource [application.yml]' is invalid and should be replaced with 'spring.config.activate.on-profile' [origin: class path resource [application.yml] from app.jar - 154:13]\n""",WARN,           main,o.s.b.c.config.ConfigDataEnvironment
143,create subscriber error device,"""2022-02-22 18:30:01.835  INFO 1 --- [nio-8080-exec-8] .w.r.s.m.s.SubscriptionManagementService : Create Subscriber Error Device with SUPI is still active. Can't create\n""",2022-02-22T18:30:01.836000,"Create Subscriber Error Device with SUPI is still active. Can't create\n""",INFO,nio-8080-exec-8,.w.r.s.m.s.SubscriptionManagementService
144,create subscriber error device,"""2022-02-22 18:29:56.346  INFO 1 --- [io-8080-exec-10] .w.r.s.m.s.SubscriptionManagementService : Create Subscriber Error Device with SUPI is still active. Can't create\n""",2022-02-22T18:29:56.346000,"Create Subscriber Error Device with SUPI is still active. Can't create\n""",INFO,io-8080-exec-10,.w.r.s.m.s.SubscriptionManagementService
145,create subscriber error device,"""2022-02-22 18:29:50.931  INFO 1 --- [nio-8080-exec-9] .w.r.s.m.s.SubscriptionManagementService : Create Subscriber Error Device with SUPI is still active. Can't create\n""",2022-02-22T18:29:50.932000,"Create Subscriber Error Device with SUPI is still active. Can't create\n""",INFO,nio-8080-exec-9,.w.r.s.m.s.SubscriptionManagementService
146,create subscriber error device,"""2022-02-22 18:29:44.826  INFO 1 --- [nio-8080-exec-6] .w.r.s.m.s.SubscriptionManagementService : Create Subscriber Error Device with SUPI is still active. Can't create\n""",2022-02-22T18:29:44.826000,"Create Subscriber Error Device with SUPI is still active. Can't create\n""",INFO,nio-8080-exec-6,.w.r.s.m.s.SubscriptionManagementService
147,create subscriber error device,"""2022-02-22 18:29:38.682  INFO 1 --- [nio-8080-exec-7] .w.r.s.m.s.SubscriptionManagementService : Create Subscriber Error Device with SUPI is still active. Can't create\n""",2022-02-22T18:29:38.682000,"Create Subscriber Error Device with SUPI is still active. Can't create\n""",INFO,nio-8080-exec-7,.w.r.s.m.s.SubscriptionManagementService
148,create subscriber error device,"""2022-02-22 18:29:32.848  INFO 1 --- [nio-8080-exec-5] .w.r.s.m.s.SubscriptionManagementService : Create Subscriber Error Device with SUPI is still active. Can't create\n""",2022-02-22T18:29:32.848000,"Create Subscriber Error Device with SUPI is still active. Can't create\n""",INFO,nio-8080-exec-5,.w.r.s.m.s.SubscriptionManagementService
149,create subscriber error device,"""2022-02-22 18:29:26.453  INFO 1 --- [nio-8080-exec-3] .w.r.s.m.s.SubscriptionManagementService : Create Subscriber Error Device with SUPI is still active. Can't create\n""",2022-02-22T18:29:26.454000,"Create Subscriber Error Device with SUPI is still active. Can't create\n""",INFO,nio-8080-exec-3,.w.r.s.m.s.SubscriptionManagementService
